mutant_id,category,residue_position,wt_aa,new_aa,sum_hydropathy_change,delta_vina,abs_delta_vina,top_affinity,n_mutated_residues
C195A,ala_scan,195,C,A,-0.7,-2.2459999999999987,2.2459999999999987,-10.495,1
C195A_H196A,double_dyad,195,C,A,4.3,-1.7809999999999988,1.7809999999999988,-10.03,2
C195A_H196A,double_dyad,196,H,A,4.3,-1.7809999999999988,1.7809999999999988,-10.03,2
C195S,opposite,195,C,S,-3.3,-1.9659999999999993,1.9659999999999993,-10.215,1
C195S_H196N,double_polar_neutral,195,C,S,-3.6,-1.529,1.529,-9.778,2
C195S_H196N,double_polar_neutral,196,H,N,-3.6,-1.529,1.529,-9.778,2
H196A,ala_scan,196,H,A,5.0,0.4910000000000005,0.4910000000000005,-7.758,1
N226D,opposite,226,N,D,0.0,0.4450000000000003,0.4450000000000003,-7.804,1
Q214A,ala_scan,214,Q,A,5.3,0.08,0.08,-8.169,1
R175A,ala_scan,175,R,A,6.3,0.0630000000000006,0.0630000000000006,-8.186,1
R175E,opposite,175,R,E,1.0,0.0570000000000003,0.0570000000000003,-8.192,1
R175E_R176E,double_phosclamp,175,R,E,2.0,0.0460000000000011,0.0460000000000011,-8.203,2
R175E_R176E,double_phosclamp,176,R,E,2.0,0.0460000000000011,0.0460000000000011,-8.203,2
R176A,ala_scan,176,R,A,6.3,0.0630000000000006,0.0630000000000006,-8.186,1
R176E,opposite,176,R,E,1.0,0.0460000000000011,0.0460000000000011,-8.203,1
R215A,ala_scan,215,R,A,6.3,0.4430000000000005,0.4430000000000005,-7.806,1
R215A_N226A,double_substrate_orient,215,R,A,11.6,0.7720000000000002,0.7720000000000002,-7.477,2
R215A_N226A,double_substrate_orient,226,N,A,11.6,0.7720000000000002,0.7720000000000002,-7.477,2
R215E,opposite,215,R,E,1.0,0.4700000000000006,0.4700000000000006,-7.779,1
R50A,ala_scan,50,R,A,6.3,0.8280000000000003,0.8280000000000003,-7.421,1
R50E,opposite,50,R,E,1.0,0.4820000000000002,0.4820000000000002,-7.767,1
T170A,control_surface,170,T,A,2.5,0.0460000000000011,0.0460000000000011,-8.203,1
W109A,ala_scan,109,W,A,2.7,0.2710000000000008,0.2710000000000008,-7.978,1
Y258F_F225Y,double_aromatic_swap,258,Y,F,0.0,0.2010000000000005,0.2010000000000005,-8.048,2
Y258F_F225Y,double_aromatic_swap,225,F,Y,0.0,0.2010000000000005,0.2010000000000005,-8.048,2
