mutant,category,ddG_vs_wt_apo,ddG_vs_wt_holo,rmsd_to_native_apo,rmsd_to_native_holo,top_affinity_apo,top_affinity_holo
C195A,ala_scan,-1.1319999999999997,-5.129,3.0876230929856057,2.084773395755795,-7.93,-8.344
C195A_H196A,double_dyad,-0.995,-4.372,3.043797649330559,3.917394065714445,-7.793,-7.587
C195S,opposite,-1.0549999999999995,-4.785,3.0866768092651418,2.172040575473798,-7.853,-8.0
C195S_H196N,double_polar_neutral,-1.0439999999999996,-4.251,3.0054191679571907,2.201860539624046,-7.842,-7.466
H196A,ala_scan,-0.3810000000000002,-1.1690000000000005,8.053975850663084,7.475964368542707,-7.179,-4.384
N226D,opposite,-0.5659999999999998,-2.6879999999999997,5.59388445456734,2.1853586835977916,-7.364,-5.903
Q214A,ala_scan,0.1299999999999999,-3.139,5.751577764792907,2.184064519645494,-6.668,-6.354
R175A,ala_scan,-0.3029999999999999,-3.149,5.575599840283255,2.206408801118771,-7.101,-6.364
R175E,opposite,-0.3029999999999999,-3.149,5.575599840283255,2.206408801118771,-7.101,-6.364
R175E_R176E,double_phosclamp,-0.3559999999999998,-3.1950000000000003,5.638506214622739,2.2339434727598984,-7.154,-6.41
R176A,ala_scan,-0.3579999999999996,-3.1000000000000005,5.7520620369328395,2.1464078484823146,-7.156,-6.315
R176E,opposite,-0.3559999999999998,-3.1950000000000003,5.638506214622739,2.2339434727598984,-7.154,-6.41
R215A,ala_scan,-1.0439999999999996,-3.932,2.2473923395142035,2.191332055082074,-7.842,-7.147
R215A_N226A,double_substrate_orient,-0.3280000000000003,-3.647,5.638254093402245,2.286773126516705,-7.126,-6.862
R215E,opposite,-0.5149999999999997,-4.022,5.875352674264834,2.1892843740487744,-7.313,-7.237
R50A,ala_scan,-0.2690000000000001,-2.7910000000000004,5.520968573069072,2.2274387605986257,-7.067,-6.006
R50E,opposite,-0.2039999999999997,-2.173,5.764361489940344,2.1789019850049236,-7.002,-5.388
T170A,control_surface,-0.3029999999999999,-1.2700000000000005,5.575599840283255,2.534184700671134,-7.101,-4.485
W109A,ala_scan,-1.0549999999999995,-2.974,5.834246380962198,2.2300951045750934,-7.853,-6.189
Y258F_F225Y,double_aromatic_swap,-0.2830000000000003,-2.87,5.253120325724952,2.184104273837325,-7.081,-6.085
