{
  "crystal": {
    "fav": 92.23,
    "all": 7.77,
    "out": 0.0
  },
  "baseline_mean": {
    "fav": 95.16000000000001,
    "all": 4.35,
    "out": 0.4899999999999999,
    "fav_sd": 0.4371498598878901,
    "out_sd": 0.27999999999999997,
    "n": 10
  },
  "refined_mean": {
    "fav": 95.23,
    "all": 4.35,
    "out": 0.41999999999999993,
    "fav_sd": 0.1714642819948197,
    "out_sd": 0.13999999999999999,
    "n": 10
  },
  "loop": {
    "fav": 95.09,
    "all": 4.56,
    "out": 0.35
  }
}