{
  "top_affinity": -7.729,
  "mean_top3": -7.559666666666668,
  "rmsd_top_to_native": 1.0808481109093717,
  "n_poses": 20,
  "centroid": [
    -1.2866250276565552,
    9.146749496459961,
    12.029500007629395
  ],
  "all_affinities": [
    -7.729,
    -7.577,
    -7.373,
    -7.359,
    -7.347,
    -7.273,
    -7.246,
    -7.232,
    -7.209,
    -7.172,
    -7.091,
    -7.056,
    -6.984,
    -6.935,
    -6.929,
    -6.929,
    -6.821,
    -6.734,
    -6.703,
    -6.695
  ]
}