{
  "top_affinity": -9.127,
  "mean_topk": -8.764666666666669,
  "rmsd_top_to_native": 2.3259073097255105,
  "n_modes": 29,
  "n_poses": 29,
  "best_seed": 7,
  "all_affinities": [
    -9.127,
    -8.668,
    -8.499,
    -8.435,
    -8.122,
    -8.066,
    -7.9,
    -7.818,
    -7.737,
    -7.737,
    -7.719,
    -7.595,
    -7.574,
    -7.55,
    -7.433,
    -7.396,
    -7.391,
    -7.317,
    -7.287,
    -7.275,
    -7.209,
    -7.204,
    -7.108,
    -7.101,
    -7.09,
    -7.005,
    -6.992,
    -6.984,
    -6.877
  ],
  "all_seed_results": {
    "42": {
      "top": -9.197,
      "mean_topk": -8.784333333333333,
      "rmsd": 2.336649131441532,
      "n_modes": 27,
      "all_affinities": [
        -9.197,
        -8.63,
        -8.526,
        -8.454,
        -8.174,
        -7.966,
        -7.937,
        -7.857,
        -7.838,
        -7.8,
        -7.796,
        -7.794,
        -7.691,
        -7.622,
        -7.594,
        -7.585,
        -7.501,
        -7.442,
        -7.387,
        -7.375,
        -7.372,
        -7.307,
        -7.252,
        -7.246,
        -7.136,
        -7.048,
        -7.022
      ],
      "out_pdbqt": "/Users/ario/conserved_site_project/06c_docking_wt_v3/wt_apo_seed42.pdbqt"
    },
    "7": {
      "top": -9.127,
      "mean_topk": -8.764666666666669,
      "rmsd": 2.3259073097255105,
      "n_modes": 29,
      "all_affinities": [
        -9.127,
        -8.668,
        -8.499,
        -8.435,
        -8.122,
        -8.066,
        -7.9,
        -7.818,
        -7.737,
        -7.737,
        -7.719,
        -7.595,
        -7.574,
        -7.55,
        -7.433,
        -7.396,
        -7.391,
        -7.317,
        -7.287,
        -7.275,
        -7.209,
        -7.204,
        -7.108,
        -7.101,
        -7.09,
        -7.005,
        -6.992,
        -6.984,
        -6.877
      ],
      "out_pdbqt": "/Users/ario/conserved_site_project/06c_docking_wt_v3/wt_apo_seed7.pdbqt"
    }
  },
  "complex_pdb": "/Users/ario/conserved_site_project/06c_docking_wt_v3/wt_apo_complex.pdb",
  "top_pose_pdb": "/Users/ario/conserved_site_project/06c_docking_wt_v3/wt_apo_top_pose.pdb",
  "vina_params": {
    "exhaustiveness": 96,
    "num_modes": 32,
    "box_size": 22,
    "seed_primary": 42,
    "seed_sanity": 7,
    "centroid": [
      -0.1365499496459961,
      4.231900215148926,
      15.159449577331543
    ],
    "centroid_source": "crystal_dump_centroid",
    "receptor_methods": {
      "apo": "obabel_gasteiger",
      "holo": "obabel_gasteiger"
    }
  }
}