pose,comment,vina,delta_vina_vs_WT,vinardo,delta_vinardo_vs_WT,custom_q,delta_custom_q_vs_WT,q_amp,delta_q_amp_vs_WT,min_q,delta_min_q_vs_WT
WT_holo,baseline (reference),-7.5395,0.0,-6.72817,0.0,-6.1255,0.0,-0.39152,0.0,-8.06834,0.0
R215E_holo,Arg+1 → Glu−1 charge reversal (clamp residue),-7.10236,0.4371400000000003,-6.28255,0.4456200000000008,-5.6841,0.4413999999999998,0.05597,0.44749,-8.03536,0.032979999999998455
R175E_holo,"Arg+1 → Glu−1 single (clamp residue, partner chain)",-7.38315,0.15635000000000066,-6.75942,-0.03125,-5.97,0.15549999999999997,-0.24961,0.14190999999999998,-8.03432,0.03401999999999994
R176E_holo,Arg+1 → Glu−1 single (clamp residue),-7.41371,0.1257900000000003,-6.75063,-0.022459999999999702,-5.99948,0.12601999999999958,-0.28154,0.10997999999999997,-8.03317,0.035169999999999035
R175E_R176E_holo,DOUBLE charge reversal (max electrostatic penalty),-7.41371,0.1257900000000003,-6.75063,-0.022459999999999702,-5.99948,0.12601999999999958,-0.28154,0.10997999999999997,-8.03317,0.035169999999999035
R215A_holo,"Arg+1 → Ala neutral (loss of clamp, no flip)",-7.0782,0.4613000000000005,-6.2274,0.5007700000000002,-5.64931,0.4761899999999999,0.12708,0.5186,-8.03526,0.03308
R215A_N226A_holo,Arg→Ala + Asn→Ala (clamp + orient),-4.21177,3.3277300000000007,-3.80554,2.9226300000000003,-2.71558,3.4099199999999996,3.38575,3.7772699999999997,-8.08978,-0.021440000000000126
C195A_holo,catalytic Cys→Ala (the v3 illusion case),-5.71886,1.82064,-4.00612,2.7220500000000003,-4.36817,1.7573299999999996,1.0811,1.47262,-8.03607,0.03226999999999869
C195A_H196A_holo,double catalytic ablation,-5.39527,2.1442300000000003,-3.6106,3.1175700000000006,-4.02795,2.09755,1.48073,1.8722500000000002,-8.03327,0.03506999999999927
H196A_holo,catalytic His→Ala,-7.37037,0.16913,-6.69037,0.03780000000000072,-5.95149,0.17401,-0.20837,0.18314999999999998,-8.03267,0.035669999999999646
