{
  "top_affinity": -9.197,
  "mean_topk": -8.784333333333333,
  "rmsd_top_to_native": 0.9115538656601705,
  "rmsd_top_named": 0.9115538656601705,
  "n_modes": 27,
  "best_seed": 42,
  "selection_rule": "lowest top_affinity, tie-break highest n_modes",
  "all_affinities": [
    -9.197,
    -8.63,
    -8.526,
    -8.454,
    -8.174,
    -7.966,
    -7.937,
    -7.857,
    -7.838,
    -7.8,
    -7.796,
    -7.794,
    -7.691,
    -7.622,
    -7.594,
    -7.585,
    -7.501,
    -7.442,
    -7.387,
    -7.375,
    -7.372,
    -7.307,
    -7.252,
    -7.246,
    -7.136,
    -7.048,
    -7.022
  ],
  "all_seed_results": {
    "42": {
      "top": -9.197,
      "mean_topk": -8.784333333333333,
      "rmsd": 0.9115538656601705,
      "n_modes": 27,
      "all_affinities": [
        -9.197,
        -8.63,
        -8.526,
        -8.454,
        -8.174,
        -7.966,
        -7.937,
        -7.857,
        -7.838,
        -7.8,
        -7.796,
        -7.794,
        -7.691,
        -7.622,
        -7.594,
        -7.585,
        -7.501,
        -7.442,
        -7.387,
        -7.375,
        -7.372,
        -7.307,
        -7.252,
        -7.246,
        -7.136,
        -7.048,
        -7.022
      ]
    },
    "7": {
      "top": -9.127,
      "mean_topk": -8.764666666666669,
      "rmsd": 0.8897589842198842,
      "n_modes": 29,
      "all_affinities": [
        -9.127,
        -8.668,
        -8.499,
        -8.435,
        -8.122,
        -8.066,
        -7.9,
        -7.818,
        -7.737,
        -7.737,
        -7.719,
        -7.595,
        -7.574,
        -7.55,
        -7.433,
        -7.396,
        -7.391,
        -7.317,
        -7.287,
        -7.275,
        -7.209,
        -7.204,
        -7.108,
        -7.101,
        -7.09,
        -7.005,
        -6.992,
        -6.984,
        -6.877
      ]
    },
    "13": {
      "top": -9.123,
      "mean_topk": -8.764000000000001,
      "rmsd": 0.8567815649277244,
      "n_modes": 28,
      "all_affinities": [
        -9.123,
        -8.72,
        -8.449,
        -8.437,
        -8.158,
        -8.083,
        -8.032,
        -7.907,
        -7.812,
        -7.749,
        -7.723,
        -7.719,
        -7.548,
        -7.54,
        -7.465,
        -7.358,
        -7.31,
        -7.266,
        -7.259,
        -7.214,
        -7.202,
        -7.13,
        -7.09,
        -7.065,
        -7.059,
        -7.055,
        -7.025,
        -6.984
      ]
    },
    "99": {
      "top": -9.076,
      "mean_topk": -8.771,
      "rmsd": 0.9668084867231983,
      "n_modes": 28,
      "all_affinities": [
        -9.076,
        -8.701,
        -8.536,
        -8.412,
        -8.293,
        -8.092,
        -7.94,
        -7.8,
        -7.79,
        -7.769,
        -7.746,
        -7.59,
        -7.57,
        -7.493,
        -7.471,
        -7.459,
        -7.404,
        -7.352,
        -7.333,
        -7.282,
        -7.263,
        -7.211,
        -7.209,
        -7.177,
        -7.173,
        -7.108,
        -7.054,
        -7.011
      ]
    },
    "256": {
      "top": -9.193,
      "mean_topk": -8.754666666666667,
      "rmsd": 0.9161458126302824,
      "n_modes": 29,
      "all_affinities": [
        -9.193,
        -8.591,
        -8.48,
        -8.464,
        -8.281,
        -8.124,
        -7.937,
        -7.785,
        -7.754,
        -7.753,
        -7.745,
        -7.6,
        -7.568,
        -7.502,
        -7.487,
        -7.484,
        -7.361,
        -7.356,
        -7.319,
        -7.316,
        -7.268,
        -7.203,
        -7.197,
        -7.154,
        -7.129,
        -7.12,
        -7.069,
        -7.004,
        -6.952
      ]
    }
  },
  "affinity_distribution_width_kcal": 0.12099999999999866,
  "all_modes_concat_n": 141,
  "complex_pdb": "/Users/ario/conserved_site_project/06e_docking_wt_v5/wt_apo_complex.pdb",
  "top_pose_pdb": "/Users/ario/conserved_site_project/06e_docking_wt_v5/wt_apo_top_pose.pdb",
  "vina_params": {
    "exhaustiveness": 96,
    "num_modes": 32,
    "box_size": 22,
    "primary_seeds": [
      42,
      7,
      13,
      99,
      256
    ],
    "fallback_seeds": [
      1,
      2025,
      31337
    ],
    "centroid": [
      -0.13655,
      4.2319,
      15.159450000000001
    ],
    "receptor_methods": {
      "apo": "reused_from_v4",
      "holo": "obabel_gasteiger"
    },
    "selection_rule": "lowest top_affinity, tie-break highest n_modes",
    "vina_noise_floor_kcal_per_mol": 0.85,
    "actual_exhaustiveness_used": {
      "apo": null,
      "holo": 96
    }
  },
  "source": "reused_from_v4 (apo receptor unchanged)"
}