{
  "top_affinity": -5.242,
  "mean_topk": -5.116333333333333,
  "rmsd_top_to_native": 12.947196936016692,
  "rmsd_top_named": 12.90183195519148,
  "n_modes": 30,
  "best_seed": 256,
  "selection_rule": "lowest top_affinity, tie-break highest n_modes",
  "all_affinities": [
    -5.242,
    -5.054,
    -5.053,
    -4.91,
    -4.886,
    -4.842,
    -4.829,
    -4.796,
    -4.788,
    -4.686,
    -4.685,
    -4.646,
    -4.438,
    -4.411,
    -4.404,
    -4.384,
    -4.377,
    -4.323,
    -4.289,
    -4.288,
    -4.234,
    -4.212,
    -4.147,
    -4.138,
    -4.119,
    -4.1,
    -4.09,
    -4.088,
    -3.998,
    -3.934
  ],
  "all_seed_results": {
    "42": {
      "top": -5.092,
      "mean_topk": -5.044333333333333,
      "rmsd": 12.244298936648025,
      "n_modes": 31,
      "all_affinities": [
        -5.092,
        -5.052,
        -4.989,
        -4.946,
        -4.737,
        -4.712,
        -4.647,
        -4.591,
        -4.544,
        -4.531,
        -4.495,
        -4.495,
        -4.436,
        -4.38,
        -4.375,
        -4.308,
        -4.226,
        -4.22,
        -4.217,
        -4.206,
        -4.18,
        -4.179,
        -4.174,
        -4.052,
        -4.05,
        -4.014,
        -4.002,
        -3.988,
        -3.956,
        -3.837,
        -3.789
      ]
    },
    "7": {
      "top": -5.223,
      "mean_topk": -5.148666666666667,
      "rmsd": 12.954010380959248,
      "n_modes": 30,
      "all_affinities": [
        -5.223,
        -5.118,
        -5.105,
        -4.891,
        -4.784,
        -4.769,
        -4.76,
        -4.656,
        -4.621,
        -4.618,
        -4.563,
        -4.444,
        -4.439,
        -4.438,
        -4.406,
        -4.328,
        -4.302,
        -4.297,
        -4.281,
        -4.249,
        -4.213,
        -4.188,
        -4.166,
        -4.139,
        -4.015,
        -3.994,
        -3.972,
        -3.93,
        -3.914,
        -3.897
      ]
    },
    "13": {
      "top": -5.108,
      "mean_topk": -5.046666666666666,
      "rmsd": 12.232623978525622,
      "n_modes": 30,
      "all_affinities": [
        -5.108,
        -5.068,
        -4.964,
        -4.833,
        -4.726,
        -4.677,
        -4.637,
        -4.593,
        -4.527,
        -4.505,
        -4.45,
        -4.444,
        -4.365,
        -4.363,
        -4.354,
        -4.294,
        -4.267,
        -4.197,
        -4.197,
        -4.154,
        -4.118,
        -4.107,
        -4.09,
        -4.081,
        -4.064,
        -3.994,
        -3.875,
        -3.867,
        -3.837,
        -3.775
      ]
    },
    "99": {
      "top": -5.222,
      "mean_topk": -5.1450000000000005,
      "rmsd": 12.926308177511473,
      "n_modes": 31,
      "all_affinities": [
        -5.222,
        -5.128,
        -5.085,
        -4.898,
        -4.794,
        -4.762,
        -4.739,
        -4.718,
        -4.622,
        -4.618,
        -4.615,
        -4.597,
        -4.593,
        -4.46,
        -4.427,
        -4.406,
        -4.403,
        -4.344,
        -4.341,
        -4.34,
        -4.32,
        -4.228,
        -4.139,
        -4.111,
        -4.106,
        -4.101,
        -4.051,
        -3.993,
        -3.958,
        -3.844,
        -2.563
      ]
    },
    "256": {
      "top": -5.242,
      "mean_topk": -5.116333333333333,
      "rmsd": 12.947196936016692,
      "n_modes": 30,
      "all_affinities": [
        -5.242,
        -5.054,
        -5.053,
        -4.91,
        -4.886,
        -4.842,
        -4.829,
        -4.796,
        -4.788,
        -4.686,
        -4.685,
        -4.646,
        -4.438,
        -4.411,
        -4.404,
        -4.384,
        -4.377,
        -4.323,
        -4.289,
        -4.288,
        -4.234,
        -4.212,
        -4.147,
        -4.138,
        -4.119,
        -4.1,
        -4.09,
        -4.088,
        -3.998,
        -3.934
      ]
    }
  },
  "affinity_distribution_width_kcal": 0.15000000000000036,
  "all_modes_concat_n": 152,
  "complex_pdb": "/Users/ario/conserved_site_project/06d_docking_wt_v4/wt_holo_complex.pdb",
  "top_pose_pdb": "/Users/ario/conserved_site_project/06d_docking_wt_v4/wt_holo_top_pose.pdb",
  "vina_params": {
    "exhaustiveness": 96,
    "num_modes": 32,
    "box_size": 22,
    "primary_seeds": [
      42,
      7,
      13,
      99,
      256
    ],
    "fallback_seeds": [
      1,
      2025,
      31337
    ],
    "centroid": [
      -0.13655,
      4.2319,
      15.159450000000001
    ],
    "centroid_source": "crystal_dump_centroid",
    "receptor_methods": {
      "apo": "obabel_gasteiger",
      "holo": "obabel_gasteiger"
    },
    "selection_rule": "lowest top_affinity, tie-break by highest n_modes",
    "vina_noise_floor_kcal_per_mol": 0.85,
    "vina_noise_floor_source": "Trott & Olson 2010; Forli et al. 2016"
  }
}