{
  "cx": 0.4013749999999999,
  "cy": 12.391874999999999,
  "cz": 17.766312499999998,
  "sx": 22.0,
  "sy": 22.0,
  "sz": 22.0
}