{
  "interface_A": [
    20,
    21,
    22,
    23,
    24,
    25,
    32,
    33,
    34,
    35,
    36,
    37,
    39,
    117,
    118,
    135,
    148,
    150,
    151,
    153,
    157,
    158,
    159,
    160,
    167,
    168,
    172,
    173,
    175,
    177,
    178,
    179,
    180,
    184,
    185,
    186,
    188,
    190,
    191,
    224,
    226,
    227,
    228,
    229,
    231,
    233
  ],
  "interface_B": [
    20,
    22,
    23,
    24,
    25,
    32,
    33,
    34,
    35,
    36,
    37,
    39,
    117,
    135,
    148,
    150,
    151,
    153,
    157,
    159,
    160,
    167,
    168,
    172,
    173,
    175,
    177,
    178,
    179,
    184,
    185,
    186,
    188,
    190,
    191,
    224,
    226,
    227,
    228,
    229,
    231,
    233
  ],
  "n_interface_A": 46,
  "n_interface_B": 42,
  "centre": [
    1.6616663932800293,
    -0.5343167781829834,
    0.5548739433288574
  ],
  "box": {
    "cx": 1.6616663932800293,
    "cy": -0.5343167781829834,
    "cz": 0.5548739433288574,
    "sx": 26.0,
    "sy": 22.0,
    "sz": 22.0
  }
}