mutant,n_mut_residues,dsasa_at_mut_A2,dsasa_neigh_pm3_A2,dsasa_total_focus_A2,delta_vina_vs_wt,top_affinity
C195A,1,-8.904,7.77,-1.134,-2.2459999999999987,-10.495
C195A_H196A,2,-7.69,7.986,0.297,-1.7809999999999988,-10.03
C195S,1,-5.892,5.755,-0.137,-1.9659999999999993,-10.215
C195S_H196N,2,-4.867,6.839,1.972,-1.529,-9.778
H196A,1,-3.613,3.57,-0.043,0.4910000000000005,-7.758
N226D,1,-0.173,-0.695,-0.868,0.4450000000000003,-7.804
Q214A,1,-0.114,4.598,4.484,0.08,-8.169
R175A,1,4.392,0.373,4.765,0.0630000000000006,-8.186
R175E,1,4.724,-1.85,2.873,0.0570000000000003,-8.192
R175E_R176E,2,-18.627,0.078,-18.549,0.0460000000000011,-8.203
R176A,1,-38.187,8.283,-29.904,0.0630000000000006,-8.186
R176E,1,-23.984,2.377,-21.607,0.0460000000000011,-8.203
R215A,1,-2.54,8.222,5.682,0.4430000000000005,-7.806
R215A_N226A,2,-14.189,14.387,0.198,0.7720000000000002,-7.477
R215E,1,-1.774,7.666,5.892,0.4700000000000006,-7.779
R50A,1,-45.747,19.345,-26.402,0.8280000000000003,-7.421
R50E,1,-18.277,17.788,-0.489,0.4820000000000002,-7.767
T170A,1,-24.642,7.143,-17.498,0.0460000000000011,-8.203
W109A,1,-25.89,19.004,-6.886,0.2710000000000008,-7.978
Y258F_F225Y,2,0.422,-5.065,-4.643,0.2010000000000005,-8.048
